path,width,height,alt,sourceType,trustNote
/media/vibevi/experiences/experience-adventure-hero-desktop.webp,2400,1200,VibeVI editorial image for adventure.,AI-generated editorial artwork,Not documentary media for a named business or exact location.
/media/vibevi/experiences/experience-adventure-hero-mobile.webp,1200,1600,VibeVI editorial image for adventure.,AI-generated editorial artwork,Not documentary media for a named business or exact location.
/media/vibevi/experiences/experience-adventure-thumbnail.webp,1200,900,VibeVI editorial image for adventure.,AI-generated editorial artwork,Not documentary media for a named business or exact location.
/media/vibevi/experiences/experience-cruise-day-hero-desktop.webp,2400,1200,VibeVI editorial image for cruise day.,AI-generated editorial artwork,Not documentary media for a named business or exact location.
/media/vibevi/experiences/experience-cruise-day-hero-mobile.webp,1200,1600,VibeVI editorial image for cruise day.,AI-generated editorial artwork,Not documentary media for a named business or exact location.
/media/vibevi/experiences/experience-cruise-day-thumbnail.webp,1200,900,VibeVI editorial image for cruise day.,AI-generated editorial artwork,Not documentary media for a named business or exact location.
/media/vibevi/experiences/experience-culinary-hero-desktop.webp,2400,1200,VibeVI editorial image for culinary.,AI-generated editorial artwork,Not documentary media for a named business or exact location.
/media/vibevi/experiences/experience-culinary-hero-mobile.webp,1200,1600,VibeVI editorial image for culinary.,AI-generated editorial artwork,Not documentary media for a named business or exact location.
/media/vibevi/experiences/experience-culinary-thumbnail.webp,1200,900,VibeVI editorial image for culinary.,AI-generated editorial artwork,Not documentary media for a named business or exact location.
/media/vibevi/experiences/experience-culture-hero-desktop.webp,2400,1200,VibeVI editorial image for culture.,AI-generated editorial artwork,Not documentary media for a named business or exact location.
/media/vibevi/experiences/experience-culture-hero-mobile.webp,1200,1600,VibeVI editorial image for culture.,AI-generated editorial artwork,Not documentary media for a named business or exact location.
/media/vibevi/experiences/experience-culture-thumbnail.webp,1200,900,VibeVI editorial image for culture.,AI-generated editorial artwork,Not documentary media for a named business or exact location.
/media/vibevi/experiences/experience-local-shops-hero-desktop.webp,2400,1200,VibeVI editorial image for local shops.,AI-generated editorial artwork,Not documentary media for a named business or exact location.
/media/vibevi/experiences/experience-local-shops-hero-mobile.webp,1200,1600,VibeVI editorial image for local shops.,AI-generated editorial artwork,Not documentary media for a named business or exact location.
/media/vibevi/experiences/experience-local-shops-thumbnail.webp,1200,900,VibeVI editorial image for local shops.,AI-generated editorial artwork,Not documentary media for a named business or exact location.
/media/vibevi/experiences/experience-nightlife-hero-desktop.webp,2400,1200,VibeVI editorial image for nightlife.,AI-generated editorial artwork,Not documentary media for a named business or exact location.
/media/vibevi/experiences/experience-nightlife-hero-mobile.webp,1200,1600,VibeVI editorial image for nightlife.,AI-generated editorial artwork,Not documentary media for a named business or exact location.
/media/vibevi/experiences/experience-nightlife-thumbnail.webp,1200,900,VibeVI editorial image for nightlife.,AI-generated editorial artwork,Not documentary media for a named business or exact location.
/media/vibevi/experiences/experience-stays-hero-desktop.webp,2400,1200,VibeVI editorial image for stays.,AI-generated editorial artwork,Not documentary media for a named business or exact location.
/media/vibevi/experiences/experience-stays-hero-mobile.webp,1200,1600,VibeVI editorial image for stays.,AI-generated editorial artwork,Not documentary media for a named business or exact location.
/media/vibevi/experiences/experience-stays-thumbnail.webp,1200,900,VibeVI editorial image for stays.,AI-generated editorial artwork,Not documentary media for a named business or exact location.
/media/vibevi/experiences/experience-wellness-hero-desktop.webp,2400,1200,VibeVI editorial image for wellness.,AI-generated editorial artwork,Not documentary media for a named business or exact location.
/media/vibevi/experiences/experience-wellness-hero-mobile.webp,1200,1600,VibeVI editorial image for wellness.,AI-generated editorial artwork,Not documentary media for a named business or exact location.
/media/vibevi/experiences/experience-wellness-thumbnail.webp,1200,900,VibeVI editorial image for wellness.,AI-generated editorial artwork,Not documentary media for a named business or exact location.
/media/vibevi/get-listed/local-business-owner-hero-desktop.webp,2400,1200,VibeVI editorial image for local business owner.,AI-generated editorial artwork,Not documentary media for a named business or exact location.
/media/vibevi/get-listed/local-business-owner-hero-mobile.webp,1200,1600,VibeVI editorial image for local business owner.,AI-generated editorial artwork,Not documentary media for a named business or exact location.
/media/vibevi/home/cards/card-beach-local-day-desktop.webp,1600,1200,VibeVI editorial image for beach local day.,AI-generated editorial artwork,Not documentary media for a named business or exact location.
/media/vibevi/home/cards/card-beach-local-day-mobile.webp,800,1000,VibeVI editorial image for beach local day.,AI-generated editorial artwork,Not documentary media for a named business or exact location.
/media/vibevi/home/cards/card-bite-sunset-dining-desktop.webp,1600,1200,VibeVI editorial image for bite sunset dining.,AI-generated editorial artwork,Not documentary media for a named business or exact location.
/media/vibevi/home/cards/card-bite-sunset-dining-mobile.webp,800,1000,VibeVI editorial image for bite sunset dining.,AI-generated editorial artwork,Not documentary media for a named business or exact location.
/media/vibevi/home/cards/card-boat-local-captain-desktop.webp,1600,1200,VibeVI editorial image for boat local captain.,AI-generated editorial artwork,Not documentary media for a named business or exact location.
/media/vibevi/home/cards/card-boat-local-captain-mobile.webp,800,1000,VibeVI editorial image for boat local captain.,AI-generated editorial artwork,Not documentary media for a named business or exact location.
/media/vibevi/home/cards/card-night-local-music-desktop.webp,1600,1200,VibeVI editorial image for night local music.,AI-generated editorial artwork,Not documentary media for a named business or exact location.
/media/vibevi/home/cards/card-night-local-music-mobile.webp,800,1000,VibeVI editorial image for night local music.,AI-generated editorial artwork,Not documentary media for a named business or exact location.
/media/vibevi/home/home-hero-desktop.webp,2400,1400,VibeVI editorial image for home.,AI-generated editorial artwork,Not documentary media for a named business or exact location.
/media/vibevi/home/home-hero-mobile.webp,1200,1600,VibeVI editorial image for home.,AI-generated editorial artwork,Not documentary media for a named business or exact location.
/media/vibevi/home/moods/mood-adventure-horizontal.webp,1600,1200,VibeVI editorial image for adventure.,AI-generated editorial artwork,Not documentary media for a named business or exact location.
/media/vibevi/home/moods/mood-adventure-vertical.webp,1200,1600,VibeVI editorial image for adventure.,AI-generated editorial artwork,Not documentary media for a named business or exact location.
/media/vibevi/home/moods/mood-culture-horizontal.webp,1600,1200,VibeVI editorial image for culture.,AI-generated editorial artwork,Not documentary media for a named business or exact location.
/media/vibevi/home/moods/mood-culture-vertical.webp,1200,1600,VibeVI editorial image for culture.,AI-generated editorial artwork,Not documentary media for a named business or exact location.
/media/vibevi/home/moods/mood-family-horizontal.webp,1600,1200,VibeVI editorial image for family.,AI-generated editorial artwork,Not documentary media for a named business or exact location.
/media/vibevi/home/moods/mood-family-vertical.webp,1200,1600,VibeVI editorial image for family.,AI-generated editorial artwork,Not documentary media for a named business or exact location.
/media/vibevi/home/moods/mood-foodie-horizontal.webp,1600,1200,VibeVI editorial image for foodie.,AI-generated editorial artwork,Not documentary media for a named business or exact location.
/media/vibevi/home/moods/mood-foodie-vertical.webp,1200,1600,VibeVI editorial image for foodie.,AI-generated editorial artwork,Not documentary media for a named business or exact location.
/media/vibevi/home/moods/mood-party-horizontal.webp,1600,1200,VibeVI editorial image for party.,AI-generated editorial artwork,Not documentary media for a named business or exact location.
/media/vibevi/home/moods/mood-party-vertical.webp,1200,1600,VibeVI editorial image for party.,AI-generated editorial artwork,Not documentary media for a named business or exact location.
/media/vibevi/home/moods/mood-relax-horizontal.webp,1600,1200,VibeVI editorial image for relax.,AI-generated editorial artwork,Not documentary media for a named business or exact location.
/media/vibevi/home/moods/mood-relax-vertical.webp,1200,1600,VibeVI editorial image for relax.,AI-generated editorial artwork,Not documentary media for a named business or exact location.
/media/vibevi/home/moods/mood-romance-horizontal.webp,1600,1200,VibeVI editorial image for romance.,AI-generated editorial artwork,Not documentary media for a named business or exact location.
/media/vibevi/home/moods/mood-romance-vertical.webp,1200,1600,VibeVI editorial image for romance.,AI-generated editorial artwork,Not documentary media for a named business or exact location.
/media/vibevi/home/moods/mood-wellness-horizontal.webp,1600,1200,VibeVI editorial image for wellness.,AI-generated editorial artwork,Not documentary media for a named business or exact location.
/media/vibevi/home/moods/mood-wellness-vertical.webp,1200,1600,VibeVI editorial image for wellness.,AI-generated editorial artwork,Not documentary media for a named business or exact location.
/media/vibevi/islands/island-st-croix-hero-desktop.webp,2400,1200,VibeVI editorial image for st croix.,AI-generated editorial artwork,Not documentary media for a named business or exact location.
/media/vibevi/islands/island-st-croix-hero-mobile.webp,1200,1600,VibeVI editorial image for st croix.,AI-generated editorial artwork,Not documentary media for a named business or exact location.
/media/vibevi/islands/island-st-croix-thumbnail.webp,1200,900,VibeVI editorial image for st croix.,AI-generated editorial artwork,Not documentary media for a named business or exact location.
/media/vibevi/islands/island-st-john-hero-desktop.webp,2400,1200,VibeVI editorial image for st john.,AI-generated editorial artwork,Not documentary media for a named business or exact location.
/media/vibevi/islands/island-st-john-hero-mobile.webp,1200,1600,VibeVI editorial image for st john.,AI-generated editorial artwork,Not documentary media for a named business or exact location.
/media/vibevi/islands/island-st-john-thumbnail.webp,1200,900,VibeVI editorial image for st john.,AI-generated editorial artwork,Not documentary media for a named business or exact location.
/media/vibevi/islands/island-st-thomas-hero-desktop.webp,2400,1200,VibeVI editorial image for st thomas.,AI-generated editorial artwork,Not documentary media for a named business or exact location.
/media/vibevi/islands/island-st-thomas-hero-mobile.webp,1200,1600,VibeVI editorial image for st thomas.,AI-generated editorial artwork,Not documentary media for a named business or exact location.
/media/vibevi/islands/island-st-thomas-thumbnail.webp,1200,900,VibeVI editorial image for st thomas.,AI-generated editorial artwork,Not documentary media for a named business or exact location.
/media/vibevi/islands/island-water-island-hero-desktop.webp,2400,1200,VibeVI editorial image for water.,AI-generated editorial artwork,Not documentary media for a named business or exact location.
/media/vibevi/islands/island-water-island-hero-mobile.webp,1200,1600,VibeVI editorial image for water.,AI-generated editorial artwork,Not documentary media for a named business or exact location.
/media/vibevi/islands/island-water-island-thumbnail.webp,1200,900,VibeVI editorial image for water island.,AI-generated editorial artwork,Not documentary media for a named business or exact location.
/media/vibevi/listings/placeholders/placeholder-beach-landscape.webp,1600,1200,VibeVI editorial image for beach landscape.,AI-generated editorial artwork,Not documentary media for a named business or exact location.
/media/vibevi/listings/placeholders/placeholder-beach-square.webp,1200,1200,VibeVI editorial image for beach square.,AI-generated editorial artwork,Not documentary media for a named business or exact location.
/media/vibevi/listings/placeholders/placeholder-beach-vertical.webp,800,1000,VibeVI editorial image for beach.,AI-generated editorial artwork,Not documentary media for a named business or exact location.
/media/vibevi/search/find-the-move-aerial-hero-desktop.webp,2400,1200,VibeVI editorial image for find the move aerial.,AI-generated editorial artwork,Not documentary media for a named business or exact location.
/media/vibevi/search/find-the-move-aerial-hero-mobile.webp,1200,1600,VibeVI editorial image for find the move aerial.,AI-generated editorial artwork,Not documentary media for a named business or exact location.
